{"initial_reset_timestamp": 1588787193.4854789, "timestamps": [1588787196.6591651, 1588787199.5550497, 1588787200.9793549, 1588787202.3690617, 1588787203.7575421, 1588787230.1516883, 1588787231.5414977, 1588787232.9300454, 1588787235.7756891, 1588787237.185661, 1588787264.4217749, 1588787265.8116326, 1588787267.1998498, 1588787268.588299, 1588787269.9772105, 1588787297.0380137, 1588787298.4278271, 1588787299.8159559, 1588787301.2056668, 1588787302.5936184, 1588787329.968227, 1588787331.3560767, 1588787332.7457857, 1588787334.1343632, 1588787335.5241852, 1588787362.2592254, 1588787363.647437, 1588787366.4862232, 1588787367.8977969, 1588787369.286753, 1588787396.3682432, 1588787397.758068, 1588787399.145431, 1588787400.5357747, 1588787401.923858], "episode_lengths": [200, 200, 200, 200, 200, 200, 200, 200, 200, 200, 200, 200, 200, 200, 200, 200, 200, 200, 200, 200, 200, 200, 200, 200, 200, 200, 200, 200, 200, 200, 200, 200, 200, 200, 200], "episode_rewards": [-1598.3355860261422, -1593.3273920094186, -1656.5650312141747, -1647.1788861639563, -4.1674391220233264, -1570.151929358761, -1645.5038034745555, -1579.6062337142073, -127.50729024329212, -0.18740897604577222, -250.55620487591545, -778.1231701829156, -124.07106921370584, -1.0954333038499056, -128.3876273592229, -118.2296916329876, -232.61671633293946, -125.41793397717954, -118.2454787360064, -336.54551009797206, -122.15044521628413, -126.7915299227127, -242.10330219304572, -127.07491088568447, -233.9615845194295, -2.5573782671081733, -116.37497055491733, -119.4815298736218, -123.86938423313154, -120.03384308026922, -124.44257672970501, -124.23411596720705, -121.1827748894022, -0.8202020431893787, -1.5742772257793185], "episode_types": ["t", "t", "t", "t", "t", "t", "t", "t", "t", "t", "t", "t", "t", "t", "t", "t", "t", "t", "t", "t", "t", "t", "t", "t", "t", "t", "t", "t", "t", "t", "t", "t", "t", "t", "t"]}