{"initial_reset_timestamp": 1588796446.8709128, "timestamps": [1588796475.3166432, 1588796523.7934878, 1588796535.5013933, 1588796547.2247493, 1588796558.5533583, 1588797089.527359, 1588797101.2891006, 1588797112.790605, 1588797192.151386, 1588797203.326622, 1588797768.2017405, 1588797779.207159, 1588797789.2378716, 1588797800.2033658, 1588797810.2234447, 1588798382.188945, 1588798388.900502, 1588798403.2039266, 1588798414.1995807, 1588798423.3635395, 1588799021.8090503, 1588799022.2361095, 1588799039.8914123, 1588799040.285927, 1588799058.028737, 1588799641.4986625, 1588799641.8224847, 1588799743.5177443, 1588799779.0435429, 1588799779.44067, 1588800359.763789, 1588800360.1190214, 1588800366.8662105, 1588800378.2700324, 1588800389.735861], "episode_lengths": [1000, 1000, 1000, 1000, 1000, 1000, 1000, 1000, 1000, 1000, 1000, 1000, 1000, 1000, 1000, 1000, 1000, 1000, 1000, 1000, 1000, 1000, 1000, 1000, 1000, 1000, 1000, 1000, 1000, 1000, 1000, 1000, 1000, 1000, 1000], "episode_rewards": [-223.95584336631703, -258.646171694127, -402.9388297466773, 63.92951511138191, -268.6465189786289, 843.5065123902683, 613.7230424409628, 3000.394430783886, 3570.15801018123, 3741.39534722161, 3894.230867937915, 3818.1112378720777, 3832.544247197648, 3878.77963060697, 4084.754562894512, 3991.0771812917274, 4124.225247899994, 4173.99616279237, 4262.007924757525, 4329.411825313657, 4517.124505856683, 3310.835966265208, 4545.760959696486, 4537.960323710242, 4519.255716074991, 4092.3281097923636, 4465.061679748543, 4578.0285892289, 4257.088720934351, 4528.202184910324, 4924.538336866723, 4704.780761912016, 5075.548936905188, 4766.406857034238, 4899.997679546734], "episode_types": ["t", "t", "t", "t", "t", "t", "t", "t", "t", "t", "t", "t", "t", "t", "t", "t", "t", "t", "t", "t", "t", "t", "t", "t", "t", "t", "t", "t", "t", "t", "t", "t", "t", "t", "t"]}